{
  "two_arm_box_cleanup": {
    "pos": [
      -0.5,
      0.0,
      1.65
    ],
    "quat": [
      0.673975,
      0.213911,
      -0.213911,
      -0.673975
    ],
    "fovy": 45
  },
  "two_arm_can_sort_random": {
    "pos": [
      -0.4,
      0.0,
      1.8
    ],
    "quat": [
      0.69210319,
      0.1448902,
      -0.1448902,
      -0.69210319
    ],
    "fovy": 45
  },
  "two_arm_coffee": {
    "pos": [
      -0.4,
      0.0,
      1.8
    ],
    "quat": [
      0.69288866,
      0.14108628,
      -0.14108627,
      -0.69288862
    ],
    "fovy": 45
  },
  "two_arm_drawer_cleanup": {
    "pos": [
      -0.8,
      0.0,
      1.7
    ],
    "quat": [
      0.6525252,
      0.2724167,
      -0.2724167,
      -0.6525252
    ],
    "fovy": 45
  },
  "two_arm_lift_tray": {
    "pos": [
      -0.5,
      0.0,
      1.65
    ],
    "quat": [
      0.673975,
      0.213911,
      -0.213911,
      -0.673975
    ],
    "fovy": 45
  },
  "two_arm_pouring": {
    "pos": [
      -0.4,
      0,
      1.8
    ],
    "quat": [
      0.69288866,
      0.14108628,
      -0.14108627,
      -0.69288862
    ],
    "fovy": 45
  },
  "two_arm_threading": {
    "pos": [
      -0.6,
      0.0,
      1.65
    ],
    "quat": [
      0.67527074,
      0.20978423,
      -0.20978423,
      -0.67527074
    ],
    "fovy": 45
  },
  "two_arm_three_piece_assembly": {
    "pos": [
      -0.6,
      0,
      1.65
    ],
    "quat": [
      0.67527074,
      0.20978423,
      -0.20978423,
      -0.67527074
    ],
    "fovy": 45
  },
  "two_arm_transport": {
    "pos": [
      -0.6,
      0,
      1.65
    ],
    "quat": [
      0.61156424,
      0.35494953,
      -0.35494954,
      -0.61156426
    ],
    "fovy": 45
  }
}