{
  "two_arm_box_cleanup": {
    "pos": [
      -0.5,
      0.0,
      1.65
    ],
    "quat": [
      0.673975,
      0.213911,
      -0.213911,
      -0.673975
    ],
    "fovy": 45
  },
  "two_arm_can_sort_random": {
    "pos": [
      -0.4,
      0.0,
      1.5
    ],
    "quat": [
      0.673975,
      0.213911,
      -0.213911,
      -0.673975
    ],
    "fovy": 45
  },
  "two_arm_coffee": {
    "pos": [
      0.753078,
      2.06204e-08,
      1.51947
    ],
    "quat": [
      0.643241,
      0.293668,
      0.293668,
      0.643241
    ],
    "fovy": 45
  },
  "two_arm_drawer_cleanup": {
    "pos": [
      -0.5,
      0.0,
      1.65
    ],
    "quat": [
      0.673975,
      0.213911,
      -0.213911,
      -0.673975
    ],
    "fovy": 45
  },
  "two_arm_lift_tray": {
    "pos": [
      -0.5,
      0.0,
      1.65
    ],
    "quat": [
      0.673975,
      0.213911,
      -0.213911,
      -0.673975
    ],
    "fovy": 45
  },
  "two_arm_pouring": {
    "pos": [
      0.753078,
      2.06204e-08,
      1.51947
    ],
    "quat": [
      0.643241,
      0.293668,
      0.293668,
      0.643241
    ],
    "fovy": 45
  },
  "two_arm_threading": {
    "pos": [
      0.5,
      0.0,
      1.35
    ],
    "quat": [
      0.653098,
      0.271041,
      0.271041,
      0.653098
    ],
    "fovy": 45
  },
  "two_arm_three_piece_assembly": {
    "pos": [
      0.5,
      0.0,
      1.35
    ],
    "quat": [
      0.653098,
      0.271041,
      0.271041,
      0.653098
    ],
    "fovy": 45
  },
  "two_arm_transport": {
    "pos": [
      0.889435,
      -3.48182e-08,
      1.73838
    ],
    "quat": [
      0.653098,
      0.271041,
      0.271041,
      0.653098
    ],
    "fovy": 45
  }
}